STATE,COUNTY,MONTH,DAY,YEAR,HOUR,MINUTE,VE_FORMS,PERSONS,NHS,ROAD_FNC,ROUTE,SP_JUR,HARM_EV,MAN_COLL,REL_JUNC,REL_ROAD,TRAF_FLO,NO_LANES,SP_LIMIT,ALIGNMNT,PROFILE,PAVE_TYP,SUR_COND,TRA_CONT,T_CONT_F,HIT_RUN,LGT_COND,WEATHER,C_M_ZONE,NOT_HOUR,NOT_MIN,ARR_HOUR,ARR_MIN,HOSP_HR,HOSP_MN,SCH_BUS,CF1,CF2,CF3,FATALS,DAY_WEEK,DRUNK_DR,ST_CASE,MILEPT,CITY,TWAY_ID,RAIL,PEDS
6,87,4,27,95,16,25,1,1,1,2,3,0,24,0,1,4,3,2,50,2,2,2,2,40,3,0,1,2,0,99,99,99,99,0,0,0,0,0,0,1,5,0,60892,89,0,17,0000000,0
6,19,4,27,95,18,45,2,2,0,4,4,0,12,2,1,1,1,2,55,2,2,2,1,0,0,0,1,1,0,99,99,99,99,0,0,0,0,0,0,1,5,1,60893,0,0,BURROUGHWY,0000000,0
6,37,4,27,95,18,47,1,1,1,12,1,0,25,0,1,3,3,4,55,1,1,1,1,0,0,0,1,1,0,99,99,99,99,0,0,0,0,0,0,1,5,1,60894,152,2684,I710,0000000,0
6,71,4,27,95,20,15,2,5,0,4,4,0,12,2,2,1,1,2,55,1,1,2,1,0,0,0,2,1,0,99,99,99,99,99,99,0,0,0,0,2,5,0,60895,0,0,SHEEPCRKRD,0000000,0
6,25,4,27,95,22,30,3,3,1,2,3,0,12,2,1,1,1,2,55,1,1,2,1,0,0,0,2,1,0,99,99,99,99,99,99,0,0,0,0,2,5,0,61399,310,0,86,0000000,0